Model,AUC_Test,KS_Score_Test
GradientBoosting,0.8100594813228646,0.48730192719486076
XGBoost,0.8100452058053773,0.48039971448965024
LogisticRegression,0.802721865334285,0.4737615988579586
RandomForest,0.7958981679752558,0.4632976445396146
